"No. Registrasi","Nama Pelanggan","Alamat Pelanggan","Jumlah Pelanggan","Jenis Permohonan",ULP,"Tarif Lama","Daya Lama","Tarif Baru","Daya Baru",Delta,"Nilai BP","Kepastian Pelanggan",Vendor,"Lama Bayar","Tgl DPB (ULP)","Tgl Kajian (REN)","Tgl Logistik (Kons)","Tgl Reservasi (Kons)","Tgl Register (PP)","Tgl Bayar (PP)","Tgl PDL (PP)","Hasil Gambar Survei"
"No. Regis Kosong","rensis 1","rensis 1","Pasang Baru","ULP Bangil","Tarif Lama Kosong",0,B1T,8262,8262,8005878,"Kepastian Pelanggan Kosong","Vendor Kosong","Lama Bayar Kosong",2024-01-31,2024-01-31,2024-01-31,2024-01-31,2024-01-31,2024-01-31,2024-01-31,"[""bmthhappysong.jpg"",""bmthsingleludens.jpg""]"

Material,Satuan,"RP MDU","RP Jasa","Banyak Material","Total Jumlah RP MDU","Total Jumlah RP Jasa","Nilai RAB (MDU)","Nilai RAB (Jasa)",Ratio
"material 1","satuan 1",374362,343421,2,748724,686842,831084,762395,5.02
"material 2","satuan 2",856313,765421,2,2461350,2217684,2732099,2461629,1.54
